CORDIC_FWL,BACKSUB_FWL,RMSE_Indiv_Fail,RMSE_Total_Val,RMSE_Total_FailFlag
12,12,70,0.00272461195947269,1
12,13,73,0.00274794552342082,1
12,14,73,0.00273234326572456,1
12,15,75,0.00273114172495686,1
12,16,74,0.00273354488782834,1
12,17,74,0.0027336974264101,1
12,18,74,0.00273336606634783,1
13,12,43,0.00155631991003545,1
13,13,46,0.0015528657004154,1
13,14,45,0.00154157048242206,1
13,15,45,0.0015448371836346,1
13,16,45,0.00154374211252862,1
13,17,45,0.00154545458643182,1
13,18,45,0.0015454470695608,1
14,12,17,0.00078371163928427,0
14,13,17,0.000704861013332423,0
14,14,15,0.000683623789068304,0
14,15,15,0.00068330196073507,0
14,16,15,0.000681966285898201,0
14,17,15,0.000681388797502839,0
14,18,15,0.000681467010730661,0
15,12,9,0.000473241740210384,0
15,13,4,0.000327966568236815,0
15,14,4,0.00033837862450638,0
15,15,5,0.000324927912213456,0
15,16,5,0.000323249976135281,0
15,17,5,0.0003240311151564,0
15,18,5,0.00032299140029015,0
16,12,7,0.000416564869102129,0
16,13,6,0.000293670085438361,0
16,14,5,0.000279938269331811,0
16,15,5,0.000263007634323203,0
16,16,5,0.000264516864439001,0
16,17,5,0.00026285771142628,0
16,18,5,0.000263414038494594,0
17,12,8,0.000357639669474978,0
17,13,5,0.000269035082600248,0
17,14,1,0.000203652995948302,0
17,15,1,0.000188929802017019,0
17,16,1,0.000186396942942138,0
17,17,2,0.000181101268805222,0
17,18,2,0.000181307359604625,0
18,12,5,0.000327717738053008,0
18,13,4,0.000230403103561071,0
18,14,1,0.0001610796699248,0
18,15,1,0.000164711342107497,0
18,16,1,0.000152803469683346,0
18,17,1,0.000149850114350046,0
18,18,1,0.00014696152526374,0
