CORDIC_FWL,BACKSUB_FWL,RMSE_Indiv_Fail,RMSE_Total_Val,RMSE_Total_FailFlag
12,12,69,0.00268461777083109,1
12,13,70,0.0026866240333636,1
12,14,70,0.00268959656009622,1
12,15,71,0.00268587425203698,1
12,16,71,0.00268651764968285,1
12,17,71,0.00268717697790229,1
12,18,71,0.00268678492994926,1
13,12,55,0.00170715194253882,1
13,13,53,0.00164821067433522,1
13,14,53,0.00163628745846896,1
13,15,54,0.00163643118264168,1
13,16,54,0.00163597743527541,1
13,17,54,0.00163639399779066,1
13,18,54,0.00163625734839018,1
14,12,27,0.000931447551032821,0
14,13,24,0.000809414488026712,0
14,14,25,0.000788891957235514,0
14,15,26,0.000788562671690976,0
14,16,26,0.000787940037636075,0
14,17,26,0.000786646121853333,0
14,18,26,0.000787100229062646,0
15,12,14,0.000585169052014189,0
15,13,13,0.000516396962546074,0
15,14,14,0.000491973813941509,0
15,15,12,0.000480506829535586,0
15,16,12,0.000478978334243126,0
15,17,12,0.000479611978310504,0
15,18,12,0.000479545973630263,0
16,12,12,0.000520367140062793,0
16,13,9,0.000454618931083837,0
16,14,10,0.000416439727655545,0
16,15,9,0.000404520999160335,0
16,16,10,0.00040040952850544,0
16,17,10,0.000400138182528532,0
16,18,10,0.000399935900113864,0
17,12,15,0.000517987574504589,0
17,13,9,0.00044649740826617,0
17,14,9,0.00037092622426139,0
17,15,10,0.000381981986851174,0
17,16,8,0.000376056637357544,0
17,17,9,0.000376610134537178,0
17,18,9,0.000376861793556185,0
18,12,14,0.000513383203712593,0
18,13,6,0.000389805912976895,0
18,14,7,0.00035432897194812,0
18,15,9,0.000372457655806867,0
18,16,8,0.000361184066382769,0
18,17,7,0.000354075181315117,0
18,18,8,0.000355284590912983,0
