CORDIC_FWL,BACKSUB_FWL,RMSE_Indiv_Fail,RMSE_Total_Val,RMSE_Total_FailFlag
12,12,2,0.00506300801815156,1
12,13,2,0.00511059545182113,1
12,14,2,0.00514664659450153,1
12,15,2,0.0051520508617421,1
12,16,2,0.00513878733610937,1
12,17,2,0.0051374387513372,1
12,18,2,0.00514035661892325,1
13,12,2,0.00155810725047651,1
13,13,2,0.00138124051474459,1
13,14,2,0.00141772549390726,1
13,15,2,0.00141863476693862,1
13,16,2,0.00141972164971477,1
13,17,2,0.00141803196823695,1
13,18,2,0.00141990018505384,1
14,12,1,0.000758735154794501,0
14,13,1,0.000637472617933909,0
14,14,1,0.000630127453481568,0
14,15,1,0.000625069335035384,0
14,16,1,0.000627190764978521,0
14,17,1,0.000626855330881291,0
14,18,1,0.000628219541564824,0
15,12,1,0.000381116512782321,0
15,13,0,0.000377235551667205,0
15,14,0,0.000305927661411286,0
15,15,0,0.000323563027271037,0
15,16,0,0.000308077411788738,0
15,17,0,0.000316314855876376,0
15,18,0,0.000315527389369276,0
16,12,0,0.000293703416554646,0
16,13,0,0.000157962728790531,0
16,14,0,0.000106842362186641,0
16,15,0,0.000114491828996914,0
16,16,0,0.000111039717054973,0
16,17,0,0.000114871465423946,0
16,18,0,0.000114089639844788,0
17,12,0,0.000175625208585707,0
17,13,0,0.000172503440392441,0
17,14,0,0.000132241316808813,0
17,15,0,0.000122988432223674,0
17,16,0,0.000123764744656871,0
17,17,0,0.000117148886940617,0
17,18,0,0.000116263649491882,0
18,12,0,0.000130971379437739,0
18,13,0,0.000185277117078936,0
18,14,0,0.000110643974868858,0
18,15,0,4.96183332924804e-05,0
18,16,0,5.2448981593032e-05,0
18,17,0,5.30627866407095e-05,0
18,18,0,5.79550373622807e-05,0
